{"count":1,"self":57.226015999999994,"total":58.549702499999995,"children":{"InitializeActuators":{"count":6,"self":0.0010165,"total":0.0010165,"children":null},"InitializeSensors":{"count":6,"self":0.0025461999999999998,"total":0.0025461999999999998,"children":null},"AgentSendState":{"count":2681,"self":0.293952,"total":0.31514519999999996,"children":{"CollectObservations":{"count":3222,"self":0.0025318999999999997,"total":0.0025318999999999997,"children":null},"WriteActionMask":{"count":3222,"self":0.0044849999999999994,"total":0.0044849999999999994,"children":null},"RequestDecision":{"count":3222,"self":0.0141763,"total":0.0141763,"children":null}}},"DecideAction":{"count":2681,"self":0.8803683,"total":0.8935673,"children":{"RayPerceptionSensor.Perceive":{"count":6444,"self":0.013198999999999999,"total":0.013198999999999999,"children":null}}},"AgentAct":{"count":2681,"self":0.1104083,"total":0.1104083,"children":null}},"gauges":{"SoccerTwos.CumulativeReward":{"count":30,"max":0,"min":0,"runningAverage":0,"value":0,"weightedAverage":0}},"metadata":{"timer_format_version":"0.1.0","start_time_seconds":"1745468149","unity_version":"6000.0.25f1","command_line_arguments":"D:\\UnityStuff\\6000.0.25f1\\Editor\\Unity.exe -projectpath C:\\Users\\Sport\\AI_Prod -useHub -hubIPC -cloudEnvironment production","communication_protocol_version":"1.5.0","com.unity.ml-agents_version":"3.0.0","scene_name":"RocketLeagueAI","end_time_seconds":"1745468208"}}